330	Jump to letter
331	MS Prime: Forex for beginners and risk management
332	<span class="dot"></span> Education · Discipline · Risk management
333	I'm Marius, a swing trader. Trading isn't about luck, it's about discipline: learn the rules, protect your capital and build a process you can repeat.
334	<a href="reguli.html" class="btn btn-slate">See the basic rules</a> <a href="calculator.html" class="btn btn-primary">Calculate your lot size</a>
335	Quotes
336	<a href="https://www.tradingview.com/symbols/EURUSD/?exchange=OANDA" rel="noopener nofollow" target="_blank"><span class="blue-text">EURUSD</span></a><span class="trademark"> by TradingView</span>
337	<a href="https://www.tradingview.com/symbols/GBPUSD/?exchange=OANDA" rel="noopener nofollow" target="_blank"><span class="blue-text">GBPUSD</span></a><span class="trademark"> by TradingView</span>
338	<a href="https://www.tradingview.com/symbols/USDJPY/?exchange=OANDA" rel="noopener nofollow" target="_blank"><span class="blue-text">USDJPY</span></a><span class="trademark"> by TradingView</span>
339	<a href="https://www.tradingview.com/symbols/XAUUSD/?exchange=OANDA" rel="noopener nofollow" target="_blank"><span class="blue-text">XAUUSD</span></a><span class="trademark"> by TradingView</span>
340	Success doesn't come from one lucky trade.<br>It comes from patience, discipline and showing up again tomorrow.
341	<span>Join the free community on Telegram</span>
342	<a class="hero-session-chip" id="hero-session-chip" href="sesiuni.html"><span class="dot"></span><span class="chip-text">Live sessions</span></a> <a class="hero-lesson-link" href="lectie.html">Just starting out? The step-by-step lesson <span aria-hidden="true">→</span></a>
343	<span class="stat-num"><span data-count="6">6</span>+</span><span class="stat-label">years of swing trading experience</span>
344	<span class="stat-num" data-count="8">8</span><span class="stat-label">free chapters for beginners</span>
345	<span class="stat-num" data-count="5">5</span><span class="stat-label">free tools: calculator, sessions, calendar, journal, patterns</span>
346	<span class="stat-num">0</span><span class="stat-label">signals, just education and discipline</span>
347	What you'll find here
348	Everything for a disciplined start
349	Free lessons and tools, so you learn a process instead of following signals.
350	<span class="sim-spot-copy"> <span class="sim-spot-badge">New</span> <strong>Backtesting simulator</strong> <span class="sim-spot-text">Practise on real charts from 2019 onwards, bar by bar, with virtual money: Buy or Sell with stop loss and take profit, automatic lot sizing, stats in R and an equity curve.</span> </span> <span class="btn btn-primary sim-spot-btn">Try the simulator <span aria-hidden="true">→</span></span>
351	A free course in 8 chapters, step by step: from pips and lots to your first trading plan.
352	Quiz <span class="feature-arrow" aria-hidden="true">→</span>
353	15 questions from the course, with an explanation after each answer. See what you've understood and what's worth rereading.
354	Rules <span class="feature-arrow" aria-hidden="true">→</span>
355	Ten simple principles that separate disciplined trading from gambling.
356	Patterns <span class="feature-arrow" aria-hidden="true">→</span>
357	Five common chart patterns, explained briefly, with schematic drawings.
358	See live which sessions are open right now, in your local time.
359	The week's key economic news, in your time, and how to protect yourself from it.
360	Log your trades right in your browser and track whether you stick to your plan.
361	Find out how many lots match your chosen risk and the risk/reward ratio of the trade.
362	Glossary <span class="feature-arrow" aria-hidden="true">→</span>
363	60 Forex terms explained simply, from pips and margin to FOMO.
364	FAQ <span class="feature-arrow" aria-hidden="true">→</span>
365	How much money to start with, demo accounts, brokers, taxes: honest answers, no promises of profit.
366	Free Forex education for beginners: a step-by-step course, risk management, a lot size calculator, live sessions and an economic calendar. No signals.
367	MS Prime at a glance
368	Forex FAQ for beginners | MS Prime
369	Honest answers
370	Frequently asked questions
371	The questions I get asked most often, with straight answers. No promises of profit.
372	How much money do I need to start?
373	None. You start on a <strong>demo account</strong>, with virtual money, and stay there until you're disciplined: at least 6 to 8 weeks and 30 to 50 trades, with the same plan and the same risk you'd use live.
374	Only then do you move to a small live account, with an amount you can afford to lose entirely without it affecting your life. No borrowed money and no rent money. With 0.01 lots and 1% risk per trade, a small account is enough to learn.
375	How long does it take to become profitable?
376	I can't promise you that, and nobody can. I taught myself, and it took me many years of mistakes, patience and discipline to start trading consistently. Many people never get there, and it's good to know that from the start.
377	What you can control is the process: small risk, a written plan, a journal and patience. Results come, if they come, after a great many trades, not after a few weeks.
378	Do you give trading signals?
379	No. MS Prime is education only: I don't give signals, I don't manage accounts and I don't give personalised investment advice. I want you to learn to make your own decisions, based on your own plan. If you don't know why you entered a trade, you won't know when to get out either.
380	Where do I start if I know nothing?
381	With the <a href="lectie.html">beginner course</a>: 8 chapters, from pips and lots to your first trading plan. When you've finished it, take the <a href="test.html">15-question quiz</a> to see what you've understood, then practise lot sizing with the <a href="calculator.html">calculator</a>.
382	Which broker do you use?
383	I use RoboForex. On the <a href="broker.html">Broker</a> page you'll find my referral link: if you open an account through it, I may receive a commission from the broker. It isn't an independent recommendation.
384	Whichever broker you choose, check first which entity opens your account and who regulates it, what the costs are and how easily you can withdraw your money. A broker outside the EU isn't required to apply the protections for EU retail clients, such as capped leverage and negative balance protection.
385	Is Forex trading legal where I live?
386	In most countries, trading Forex and CFDs is legal as long as you do it through a broker authorised by a financial regulator. The rules depend on your country, so check your local regulator's website: many regulators publish lists of authorised firms and warnings about unauthorised ones.
387	In the EU, the ESMA restrictions on CFDs apply to retail clients: capped leverage (1:30 on the major pairs), positions closed out at 50% of the required margin, negative balance protection and risk warnings. Outside the EU, protections vary from country to country. Always check the broker before you deposit any money.
388	What taxes do I pay on my trading profits?
389	In most countries, trading profits are taxable, but the rules depend on where you live. In general terms:
390	In some countries, if you use a local broker, tax may be withheld automatically on your gains.
391	With a broker based abroad, you often have to declare your net gains yourself in your <strong>annual tax return</strong> and pay the tax.
392	Depending on your income and your country, other contributions (for example social or health contributions) may also apply.
393	Tax rules change often, and I'm not a tax adviser. Check the current rules with your local tax authority or ask an accountant.
394	Can I trade from my phone?
395	Yes. MetaTrader 4 and MetaTrader 5 have phone apps where you can open, monitor and close positions. For analysis, though, I recommend a computer: on a big screen you see the chart more clearly and you're less likely to get a level or the lot size wrong. Before any order you place from your phone, double-check the lot size and the stop loss.
396	What is a demo account?
397	An account with virtual money and real prices, offered for free by brokers. You learn the platform and test your plan without any risk. Treat it like a live account: the same 1% risk, the same plan, a complete journal.
398	Keep two differences in mind: on demo you don't feel the same emotions, and execution can be slightly different from a live account. That's why, when you go live, you start with small amounts.
399	Why do most people who trade lose money?
400	Brokers regulated in the EU must show what percentage of retail accounts lose money on CFDs, and ESMA's analyses have shown that most retail accounts lose. The typical reasons: too much risk per trade, maximum leverage, no stop loss, no written plan and emotional decisions.
401	There's no guarantee you'll be in the minority. What you can do is eliminate the avoidable mistakes: you'll find them one by one in the <a href="lectie.html">course</a> and the <a href="reguli.html">basic rules</a>.
402	Which timeframe should I use?
403	I'm a swing trader and work mainly on D1 and H4. To start with, I recommend the higher timeframes: they have less noise, fewer false signals and give you time to think. You start on D1 to see the direction and drop down to H4 to look for the entry. Timeframes of a few minutes are the hardest for a beginner.
404	How much time does it take each day?
405	With swing trading you don't have to sit in front of the charts all day. On D1 and H4 you do your analysis a few times a day, after the candles close, and positions stay open for days or weeks, with stop loss and take profit set.
406	At the beginning, put more time into learning than into trading: the course, the demo account, the journal. Reviewing your journal every weekend matters more than the hours you spend in front of the screen each day.
407	How do I join the community?
408	The Free Marius FX community on Telegram is free. Join here: <a href="https://t.me/+sbQPdX_yA1E5NmM0" target="_blank" rel="noopener">t.me/+sbQPdX_yA1E5NmM0</a>. We talk about education, discipline and risk management there, not signals.
409	How can I contact you?
410	Email me at <a href="mailto:contact.mariusfx@gmail.com">contact.mariusfx@gmail.com</a> or use the <a href="contact.html">Contact</a> page. I answer questions about the educational materials, but I don't give personalised investment advice.
411	Didn't find your answer?
412	Write to me or ask in the free Telegram community.
413	<a class="btn btn-primary" href="https://t.me/+sbQPdX_yA1E5NmM0" target="_blank" rel="noopener">Telegram community</a> <a class="btn btn-ghost" href="contact.html">Contact</a>
414	Just starting out?
415	Read the <a href="lectie.html">beginner course</a>, then test yourself with the <a href="test.html">15-question quiz</a>. You'll find new terms in the <a href="glosar.html">Forex glossary</a>.
416	Honest answers to common Forex questions: how much money to start with, demo accounts, brokers, taxes, legality, timeframes and why most traders lose.
417	More questions
418	Free trading journal: online, Excel and PDF | MS Prime
419	<a href="jurnal.html" aria-current="page">Journal</a>
420	Personal journal
421	Your trading journal
422	A journal shows you what you actually do, not what you think you do. By logging every entry you build discipline, learn from mistakes before they repeat and check whether you followed your plan.
423	Want to practise without real money first? In the <a href="simulator.html">backtesting simulator</a> you trade on real historical charts, and you can send your closed trades here, tagged "Simulator".
424	<strong>Your trades are saved only in this browser, on your device. Nobody else can see them.</strong>
425	If you clear your browser data, use incognito mode or change phones, the journal is lost. Every now and then, use <b>Export backup</b> and keep the file.
426	Your browser doesn't allow local storage (you may be in private mode). You can fill in the journal, but it will be lost when you close the page, so export it first.
427	Add a trade
428	<span class="jt-editing" id="jt-editing" hidden>Editing a trade</span>
429	Date
430	Choose…
431	XAUUSD (gold)
432	Another pair…
433	Type the pair
434	Session
435	Sydney
436	Tokyo
437	London
438	New York
439	Entry
440	Planned R:R: <b>—</b>
441	Result
442	In progress
443	TP: take profit
444	SL: stop loss
445	BE: break-even
446	Manual: closed by me
447	Result in R
448	Did I follow the plan?
449	<span>Yes</span>
450	<span>No</span>
451	More details <small>setup, lot, risk, emotions, lesson</small>
452	Setup / entry reason
453	Risk in money <span class="jt-opt">(optional)</span>
454	Emotions
455	Lesson / what I'll improve
456	Save trade
457	Cancel
458	<span>Total trades</span><b data-stat="total">0</b><small class="jt-stat-sub" data-stat="deschise" hidden></small>
459	<span>Won</span><b data-stat="castigate">0</b>
460	<span>Lost</span><b data-stat="pierdute">0</b>
461	<span>Win rate</span><b data-stat="rata">—</b>
462	<span>Total R</span><b data-stat="totalR">0R</b>
463	<span>Average R</span><b data-stat="rMediu">—</b>
464	<span>Plan followed</span><b data-stat="plan">—</b>
465	Export Excel
466	Export backup
467	Import backup
468	Delete all
469	Your trades
470	<strong>Your journal is empty for now.</strong>
471	Add your first trade using the form, even a demo one. Every line you log honestly teaches you something.
472	Guide
473	What to log for every trade
474	<b>The plan:</b> the pair, direction, entry, stop loss and take profit, before you press the button.
475	<b>The reason:</b> why you entered (the setup). If you can't write it in one sentence, don't enter.
476	<b>The risk:</b> the lot size and what % of your account you're risking. Ideally 1–2%.
477	<b>The result in R:</b> how many "risks" you won or lost, not just the money.
478	<b>Discipline:</b> did you follow your plan? Answer honestly.
479	<b>Emotions and the lesson:</b> what you felt and what you'll do differently next time.
