180	06 · Vamos conversar
181	Dúvidas sobre os materiais educacionais? Me escreva.
182	Talvez você encontre a resposta mais rápido nas <a href="intrebari.html">perguntas frequentes</a>: capital inicial, contas demo, corretoras, impostos.
183	<a class="social-telegram" href="https://t.me/FreeMariusFx" target="_blank" rel="noopener noreferrer">Telegram · A comunidade gratuita Free Marius FX</a>
184	<a href="#">[Instagram]</a>
185	<a href="#">[YouTube]</a>
186	<a href="#">[TikTok]</a>
187	Não ofereço sinais, gestão de contas nem recomendação de investimento personalizada.
188	Nome
189	E-mail
190	Mensagem
191	Enviar mensagem
192	O botão abre o seu app de e-mail (mailto). A mensagem não é enviada por um servidor do site.
193	Escreva para o Marius com dúvidas sobre educação Forex, o curso ou as ferramentas do site: e-mail contact.mariusfx@gmail.com ou pelo Telegram.
194	Sobre o Marius: swing trader e educação Forex | Marius FX
195	<a href="despre.html" aria-current="page">Sobre</a>
196	04 · Quem eu sou
197	Sobre o Marius
198	Meu nome é Marius e sou swing trader há mais de seis anos. Comecei praticamente do zero, sem ninguém por perto para me orientar: só com paciência, erros e muita disciplina.
199	Depois de anos de prática, cheguei a operar de forma consistente e, com o Marius FX, quero ajudar outras pessoas a aprender um processo claro, baseado em gestão de risco e educação, não em promessas.
200	Mais de 6 anos de experiência
201	Educação e disciplina
202	Quem é o Marius: swing trader há mais de seis anos, que compartilha educação Forex gratuita sobre disciplina e gestão de risco. Sem sinais.
203	Fotos pessoais
204	Meu carro em frente ao Palácio da Cultura de Iași, visto de frente
205	Meu carro em frente ao Palácio da Cultura de Iași, visto de trás
206	Imagem ampliada
207	Fechar
208	Glossário Forex: termos explicados de forma simples | Marius FX
209	Um dicionário para iniciantes
210	Glossário Forex: termos explicados de forma simples
211	60 termos que você vai encontrar logo no começo, explicados em poucas palavras, com links para o <a href="lectie.html">curso para iniciantes</a> e as ferramentas do site.
212	<span class="sr-only">Pesquisar no glossário</span>
213	60 termos
214	Backtest
215	Testar uma estratégia com dados do passado para ver como ela teria se saído. Resultados passados não garantem resultados futuros, mas ajudam a ver se suas regras fazem sentido.
216	Banco central
217	A instituição que define a taxa de juros de uma moeda, por exemplo o Fed (EUA) ou o BCE (zona do euro). As decisões e os discursos dos bancos centrais estão entre os eventos mais importantes para o Forex.
218	Baixista (bearish)
219	Pessimista, com a expectativa de que o preço caia. Um mercado baixista costuma fazer topos e fundos cada vez mais baixos. Um candle de baixa fecha abaixo da abertura.
220	Bid e ask
221	O bid é o preço pelo qual você pode vender, e o ask, o preço pelo qual você pode comprar (sempre um pouco mais alto). Você compra no ask e vende no bid, e a diferença entre eles é o spread.
222	Break-even
223	O ponto em que você não ganha nem perde. "Mover o SL para o break-even" significa levá-lo ao seu preço de entrada. A taxa de acerto de equilíbrio é o percentual mínimo de operações vencedoras de que você precisa para empatar: 1 ÷ (1 + R).
224	Breakout (rompimento)
225	A saída do preço de uma zona ou figura, por exemplo acima de uma resistência ou de dentro de um <a href="patternuri.html#triunghi">triângulo</a>. Muitos rompimentos são falsos, por isso muitos traders esperam o fechamento do candle ou um reteste.
226	A empresa que te dá acesso ao mercado: você abre uma conta, deposita dinheiro e opera numa plataforma. Sempre confira a regulamentação, os custos e a facilidade para sacar seu dinheiro.
227	Altista (bullish)
228	Otimista, com a expectativa de que o preço suba. Um mercado altista costuma fazer topos e fundos cada vez mais altos. Um candle de alta fecha acima da abertura.
229	Contrato por diferença: um instrumento que acompanha o preço de um ativo sem que você o possua. Você ganha ou perde a diferença de preço, com alavancagem. Nas corretoras para clientes de varejo, o Forex normalmente é operado por CFDs. Veja o <a href="lectie.html#cap-1">capítulo 1</a>.
230	Comissão
231	Uma taxa fixa por lote, cobrada por alguns tipos de conta em vez de um spread mais largo. Ao comparar corretoras, compare o custo total: spread, comissão e swap.
232	Conta demo
233	Uma conta com dinheiro virtual e preços reais, oferecida de graça pelas corretoras. É onde você aprende a plataforma e testa seu plano sem risco, com as mesmas regras que usaria na conta real. Veja o <a href="lectie.html#cap-8">capítulo 8</a>.
234	O índice de preços ao consumidor, a principal medida da inflação. Uma inflação acima do esperado pode mudar os planos do banco central para os juros e mexer forte com a moeda. Os dados aparecem no <a href="calendar.html">calendário econômico</a>.
235	Day trading
236	Um estilo em que você abre e fecha as posições no mesmo dia, sem mantê-las de um dia para o outro. Exige muito tempo de tela e decisões rápidas.
237	Drawdown
238	Quanto a conta caiu desde o seu ponto mais alto, normalmente em percentual. Perdas grandes são difíceis de recuperar: depois de −50% você precisa de +100% para voltar. Veja o <a href="lectie.html#cap-6">capítulo 6</a>.
239	ECN e market maker
240	Uma corretora ECN repassa suas ordens a provedores de liquidez, normalmente com spread baixo mais comissão. Um market maker é ele próprio a contraparte das suas operações. Os dois modelos podem ser corretos, desde que a corretora seja regulamentada.
241	Equity (patrimônio)
242	O saldo da sua conta mais ou menos o lucro ou prejuízo das posições ainda abertas. A margem e o stop out são calculados sobre o patrimônio, não sobre o saldo.
243	A Autoridade Europeia dos Valores Mobiliários e dos Mercados. Suas regras para CFDs protegem os clientes de varejo da UE: alavancagem máxima de 1:30 nos pares principais, fechamento das posições a 50% da margem e proteção contra saldo negativo. Veja o <a href="lectie.html#cap-4">capítulo 4</a>.
244	O medo de ficar de fora de um movimento (Fear Of Missing Out): você entra atrasado numa operação, sem um stop loss lógico. Uma entrada perdida não é uma perda. Veja o <a href="lectie.html#cap-7">capítulo 7</a>.
245	Gap
246	Um salto do preço sobre uma faixa em que não houve negociação, normalmente entre o fechamento de sexta e a abertura de segunda ou em notícias importantes. Um gap pode pular o seu stop loss, e a saída acontece no primeiro preço disponível.
247	Diário de trading
248	Suas anotações sobre cada operação: o par, o motivo da entrada, SL, TP, o resultado em R e se você seguiu seu plano. Você pode usar de graça o <a href="jurnal.html">diário deste site</a>.
249	Alavancagem
250	Permite abrir uma posição muito maior que o dinheiro da sua conta: com 1:30, cada € 1 da sua conta controla € 30. O lucro e o prejuízo são calculados sobre a posição inteira, então a alavancagem amplia as perdas na mesma medida. Veja o <a href="lectie.html#cap-4">capítulo 4</a>.
251	Liquidez
252	A facilidade com que você compra ou vende sem mexer no preço. Liquidez alta significa spread baixo e boa execução; normalmente é máxima na sobreposição das <a href="sesiuni.html">sessões</a> de Londres e Nova York.
253	Long e short
254	Long (buy) significa que você espera que o preço suba; short (sell), que espera que caia. No Forex você pode operar nas duas direções com a mesma facilidade.
255	A unidade de medida do tamanho da posição. 1 lote padrão = 100.000 unidades da moeda base, 0,10 lote = 10.000 e 0,01 lote (micro) = 1.000. Quantos lotes abrir você calcula com a <a href="calculator.html">calculadora de lote</a>.
256	Candle (vela)
257	Uma forma de mostrar o preço num período: a abertura, o fechamento, a máxima e a mínima. Verde se fechou acima da abertura, vermelho se fechou abaixo. Veja o <a href="lectie.html#cap-2">capítulo 2</a>.
258	Gestão de risco
259	As regras que protegem sua conta: no máximo 1% de risco por operação, sempre stop loss, um lote calculado pelo risco e limites de perda diários e semanais. Veja o <a href="lectie.html#cap-6">capítulo 6</a> e as <a href="reguli.html">regras básicas</a>.
260	Margin call
261	O aviso da corretora de que sua margem livre acabou e a conta está perto do fechamento forçado das posições. O nível exato é definido pela corretora.
262	Margem
263	A parte da sua conta que a corretora bloqueia como garantia de uma posição aberta: margem = valor da posição ÷ alavancagem. Não é um custo, é dinheiro reservado enquanto a posição está aberta. Veja o <a href="lectie.html#cap-4">capítulo 4</a>.
264	O relatório mensal sobre os empregos criados nos EUA fora da agricultura, normalmente divulgado na primeira sexta-feira do mês às 8:30 no horário de Nova York. É uma das divulgações que mais mexem com o mercado. Você o encontra no <a href="calendar.html">calendário econômico</a>.
265	Ordem limit
266	Uma ordem pendente a um preço melhor que o atual: buy limit abaixo do preço, sell limit acima. Você a usa quando espera uma correção.
267	Ordem a mercado
268	Você entra na hora, ao preço disponível no momento. É o tipo de ordem mais simples. Veja o <a href="lectie.html#cap-5">capítulo 5</a>.
269	Ordem stop
270	Uma ordem pendente que é ativada quando o preço confirma a direção: buy stop acima do preço atual, sell stop abaixo. Muito usada em rompimentos.
271	Overtrading
272	Operações demais, por tédio ou vontade de recuperar perdas. O antídoto: entre só nos setups do seu plano. Veja o <a href="lectie.html#cap-7">capítulo 7</a>.
273	Par exótico
274	Uma moeda principal combinada com a moeda de uma economia menor ou emergente, por exemplo USDTRY ou EURPLN. O spread é mais largo e os movimentos podem ser bruscos. No começo, fique nos principais.
275	Par principal (major)
276	Um par formado pelo dólar americano e uma das outras grandes moedas: EURUSD, GBPUSD, USDJPY, USDCHF, AUDUSD, USDCAD, NZDUSD. Têm alta liquidez e, normalmente, os menores custos.
277	Par cruzado (cross)
278	Um par de moedas principais sem o dólar americano, por exemplo EURGBP, EURJPY ou GBPJPY. Os custos costumam ser um pouco maiores que nos principais.
279	Pip
280	O menor movimento "padrão" do preço de um par de moedas. Na maioria dos pares, 1 pip = 0,0001 (a quarta casa decimal); nos pares com iene (JPY), 1 pip = 0,01. Detalhes no <a href="lectie.html#cap-3">capítulo 3 do curso</a>.
281	Proteção contra saldo negativo
282	A regra pela qual, nas corretoras da UE, um cliente de varejo não pode perder mais do que o dinheiro da sua conta. Corretoras fora da UE não são obrigadas a aplicá-la.
283	Ponto (pipette)
284	Uma casa decimal além do pip: 10 pontos = 1 pip. Plataformas como o MetaTrader mostram o preço com 5 casas decimais (3 nos pares com JPY), e as distâncias costumam aparecer em pontos, não em pips.
285	Relação risco/retorno (R:R)
286	Compara quanto você arrisca com quanto pode ganhar: um SL de 25 pips e um TP de 50 pips dão 1:2. Com 1:2 você precisa de pelo menos 33,3% de operações vencedoras para empatar, antes dos custos. Você calcula com a <a href="calculator.html#risc-recompensa">calculadora de risco/retorno</a>.
287	Reteste
288	A volta do preço ao nível que acabou de romper antes de seguir na direção do rompimento. Por exemplo, uma resistência rompida é testada de cima, como suporte.
289	Revenge trading
290	Depois de uma perda você quer "recuperar" na hora, normalmente com um lote maior. O antídoto: depois de 2 perdas seguidas, feche a plataforma até o dia seguinte. Veja o <a href="lectie.html#cap-7">capítulo 7</a>.
291	Resistência
292	Uma zona de preço onde as altas pararam várias vezes, porque ali apareceram vendedores. Um suporte rompido pode virar resistência, e vice-versa.
293	Scalping
294	Um estilo muito rápido, com operações de segundos ou minutos em timeframes curtos. Os custos (spread, comissão) pesam muito, e para um iniciante é o estilo mais difícil.
295	Sessão de trading
296	O horário em que um grande centro financeiro está ativo: Sydney, Tóquio, Londres, Nova York. Na página <a href="sesiuni.html">Sessões</a> você vê ao vivo quais sessões estão abertas, no seu horário.
297	Slippage (derrapagem)
298	A diferença entre o preço que você pediu e o preço em que sua ordem foi executada. Acontece principalmente em notícias ou quando o mercado se move muito rápido, e pode ser a favor ou contra você.
299	Saldo (balance)
300	O dinheiro da sua conta sem contar as posições abertas: os depósitos, mais ou menos o resultado das operações já fechadas. Só muda quando você fecha uma posição.
301	Spread
302	A diferença entre o preço de compra (ask) e o de venda (bid). É o principal custo de uma operação e alarga em notícias, à noite e na reabertura do mercado. Veja o <a href="lectie.html#cap-1">capítulo 1</a>.
303	Stop loss (SL)
304	A ordem que fecha sua posição automaticamente no prejuízo, a um preço definido antes. Você o coloca onde sua ideia é invalidada e nunca o afasta. Veja o <a href="lectie.html#cap-5">capítulo 5</a>.
305	Stop out
306	O nível em que a corretora fecha suas posições automaticamente, porque o patrimônio caiu demais em relação à margem usada. Na UE, para clientes de varejo, o fechamento ocorre quando o patrimônio fica abaixo de 50% da margem inicial exigida.
307	Suporte
308	Uma zona de preço onde as quedas pararam várias vezes, porque ali apareceram compradores. Numa compra, o stop loss costuma ir abaixo de um suporte. Veja também os <a href="patternuri.html">padrões gráficos</a>.
309	Swap
310	O custo (às vezes um pequeno ganho) de manter uma posição de um dia para o outro, com base nas taxas de juros das duas moedas. Na maioria das corretoras é cobrado em triplo às quartas-feiras, para cobrir o fim de semana. Veja o <a href="lectie.html#cap-3">capítulo 3</a>.
311	Um estilo em que você mantém as posições de alguns dias a algumas semanas e trabalha principalmente no D1 e no H4. É o meu estilo e, para um iniciante, um estilo mais tolerante: você tem tempo para pensar.
312	Take profit (TP)
313	A ordem que fecha sua posição automaticamente no lucro, no alvo que você definiu. Fica num lugar lógico, logo antes de uma zona onde o preço pode virar. Veja o <a href="lectie.html#cap-5">capítulo 5</a>.
314	Timeframe (tempo gráfico)
315	O período de tempo de um candle: M15 (15 minutos), H1 (uma hora), H4 (4 horas), D1 (um dia), W1 (uma semana). Os timeframes curtos têm muito ruído. Veja o <a href="lectie.html#cap-2">capítulo 2</a>.
316	Trailing stop
317	Um stop loss que acompanha o preço a uma distância fixa quando a operação anda a seu favor e nunca volta. Atenção: no MetaTrader ele só funciona enquanto a plataforma está aberta.
318	Tendência
319	A direção geral do preço num período: de alta (topos e fundos cada vez mais altos), de baixa (cada vez mais baixos) ou lateral. Você a vê com mais clareza nos timeframes maiores, D1 e H4.
320	Valor do pip
321	Quanto você ganha ou perde num movimento de 1 pip. No EURUSD, 1 pip em 1 lote vale 10 USD; em outros pares depende da cotação. Veja os exemplos do <a href="lectie.html#cap-3">capítulo 3</a>.
322	Moeda base e moeda cotada
323	Num par, a primeira moeda é a base e a segunda, a cotada. EURUSD = 1,1000 significa que 1 euro (a base) custa 1,10 dólar (a cotada). Veja o <a href="lectie.html#cap-1">capítulo 1</a>.
324	Volatilidade
325	Quanto e com que velocidade o preço se move. A volatilidade sobe em notícias e durante as sessões ativas. Um stop loss apertado demais num mercado volátil é atingido com frequência.
326	Nenhum termo encontrado. Tente outra palavra ou veja as <a href="intrebari.html">perguntas frequentes</a>.
327	Falta algum termo ou alguma explicação não ficou clara? <a href="contact.html">Me escreva</a>. O glossário é educacional, não é recomendação financeira.
328	Glossário Forex para iniciantes: 60 termos explicados de forma simples, de pip, lote, spread e margem a stop loss, R:R, NFP e FOMO. Com busca e índice de A a Z.
329	Pesquise um termo, por exemplo "margem"
